WT/Mutant,Molecular weight,Volume,Polarity,Isoelectric point,Hydropho bicity,Residue type(W T),"Residu e type(M
t)","Second ary structu
re",Normal ize ASA,ΔΔG (Mt- WT)
Phe101Ser,-0.47,-0.5,0.02,0.02,-0.35,2,1,2,0.81,-0.89
Phe503Ser,-0.47,-0.5,0.02,0.02,-0.35,2,1,4,0.81,-0.89
Phe505Ser,-0.47,-0.5,0.02,0.02,-0.35,2,1,3,0.81,-0.89
Phe424Leu,-0.27,-0.3,-0.01,0.06,-0.03,2,3,1,0.81,-0.78
Phe505Leu,-0.27,-0.3,-0.01,0.06,-0.03,2,3,3,0.81,-0.78
Phe248Val,-0.37,-0.4,-0.01,0.06,-0.03,2,3,4,0.81,-0.77
His445Arg,0.15,0.1,0.01,0.4,-0.54,2,0,1,0.69,-0.44
His470Arg,0.15,0.1,0.01,0.4,-0.54,2,0,4,0.69,-0.44
His674Arg,0.15,0.1,0.01,0.4,-0.54,2,0,4,0.69,-0.44
His835Arg,0.15,0.1,0.01,0.4,-0.54,2,0,4,0.69,-0.44
His445Asn,-0.18,-0.2,-0.92,-0.27,-0.09,2,1,1,0.69,-0.3
His445Gln,-0.07,-0.1,-0.92,-0.24,-0.11,2,1,1,0.69,-0.27
Met666Thr,-0.23,-0.1,0,-0.01,-0.18,3,1,3,0.81,-0.27
Met707Thr,-0.23,-0.1,0,-0.01,-0.18,3,1,2,0.81,-0.27
Leu47Arg,0.34,0.3,1,0.6,-0.92,3,0,4,0.69,-0.22
Leu378Arg,0.34,0.3,1,0.6,-0.92,3,0,1,0.69,-0.22
Leu430Arg,0.34,0.3,1,0.6,-0.92,3,0,4,0.69,-0.22
His445Asp,-0.17,-0.2,-0.03,-0.6,0.34,2,0,1,0.69,-0.22
His445Leu,-0.19,-0.2,-0.99,-0.2,0.38,2,3,1,0.69,-0.22
His723Asp,-0.17,-0.2,-0.03,-0.6,0.34,2,0,4,0.69,-0.22
Met154Leu,-0.14,0,-0.03,0.03,0.11,3,3,2,0.81,-0.21
Met601Ile,-0.14,0,-0.03,0.04,0.19,3,3,1,0.81,-0.21
His835Pro,-0.31,-0.3,-0.96,-0.16,0.14,2,3,4,0.69,-0.21
Met434Val,-0.24,-0.1,-0.03,0.03,0.11,3,3,3,0.81,-0.2
Gly368Ser,0.23,0.2,0.03,-0.04,-0.17,3,1,4,0,-0.17
Gly456Ser,0.23,0.2,0.03,-0.04,-0.17,3,1,4,0,-0.17
Lys446Arg,0.22,0.2,0.05,0.13,-0.26,0,0,4,0.84,-0.14
Pro45Ser,-0.08,-0.1,0,-0.08,-0.08,3,1,4,0.42,-0.12
Pro280Ser,-0.08,-0.1,0,-0.08,-0.08,3,1,3,0.42,-0.12
Pro551Ser,-0.08,-0.1,0,-0.08,-0.08,3,1,4,0.42,-0.12
Ser428Arg,0.54,0.5,0.97,0.64,-0.6,1,0,4,0.26,-0.11
Ser431Arg,0.54,0.5,0.97,0.64,-0.6,1,0,2,0.26,-0.11
Asp545Asn,-0.01,0,-0.89,0.33,-0.43,0,1,4,0.44,-0.08
Pro471Thr,0.03,0,0,-0.08,-0.05,3,1,4,0.42,-0.07
Pro479Thr,0.03,0,0,-0.08,-0.05,3,1,4,0.42,-0.07
Pro962Thr,0.03,0,0,-0.08,-0.05,3,1,4,0.42,-0.07
Pro227Gln,0.24,0.2,0.04,-0.08,-0.25,3,1,3,0.42,-0.06
Ile910Thr,-0.09,-0.1,0.03,-0.05,-0.37,3,1,2,0.71,-0.06
Gly178Val,0.33,0.3,0,0,0.15,3,3,2,0,-0.05
Thr508Ser,-0.11,-0.1,0,0,-0.03,1,1,2,0.4,-0.05
Leu735Gln,0.12,0.1,0.07,-0.04,-0.49,3,1,1,0.69,-0.05
Leu1122Gln,0.12,0.1,0.07,-0.04,-0.49,3,1,1,0.69,-0.05
Asn487Ser,-0.21,-0.2,-0.04,0.03,0.15,1,1,4,0.45,-0.03
Gln606Lys,0,0,0.88,0.51,-0.17,1,0,4,0.66,-0.03
Asp103Glu,0.11,0.1,0,0.31,-0.42,0,0,2,0.44,-0.02
Asp545Glu,0.11,0.1,0,0.31,-0.42,0,0,4,0.44,-0.02
Asp574Glu,0.11,0.1,0,0.31,-0.42,0,0,2,0.44,-0.02
Ala670Asp,0.34,0.3,0.96,-0.4,0.07,3,0,2,0.21,-0.02
Pro76Leu,0.12,0.1,-0.03,-0.04,0.24,3,3,4,0.42,-0.01
Val496Leu,0.1,0.1,0,0,0,3,3,4,0.5,-0.01
Arg39Arg,0,0,0,0,0,0,0,3,1,0
Ile90Leu,0,0,0,-0.01,-0.08,3,3,2,0.71,0
Gly149Gly,0,0,0,0,0,3,3,2,0,0
Leu430Pro,-0.12,-0.1,0.03,0.04,-0.24,3,3,4,0.69,0.01
Asp435Val,-0.12,-0.1,-0.96,0.4,0.04,0,3,3,0.44,0.01
Leu452Pro,-0.12,-0.1,0.03,0.04,-0.24,3,3,2,0.69,0.01
Ile480Val,-0.1,-0.1,0,-0.01,-0.08,3,3,4,0.71,0.01
Ile488Val,-0.1,-0.1,0,-0.01,-0.08,3,3,4,0.71,0.01
Ile491Val,-0.1,-0.1,0,-0.01,-0.08,3,3,2,0.71,0.01
Val496Ala,-0.22,-0.2,0,0,-0.11,3,3,4,0.5,0.01
Val518Ala,-0.22,-0.2,0,0,-0.11,3,3,2,0.5,0.01
Leu731Pro,-0.12,-0.1,0.03,0.04,-0.24,3,3,2,0.69,0.01
Ile783Val,-0.1,-0.1,0,-0.01,-0.08,3,3,3,0.71,0.01
Leu815Val,-0.1,-0.1,0,0,0,3,3,1,0.69,0.01
Pro899Ala,-0.2,-0.2,-0.03,-0.04,0.13,3,3,3,0.42,0.01
Ile925Val,-0.1,-0.1,0,-0.01,-0.08,3,3,1,0.71,0.01
Glu356Asp,-0.11,-0.1,0,-0.31,0.42,0,0,2,0.64,0.02
Asp571Ala,-0.34,-0.3,-0.96,0.4,-0.07,0,3,3,0.44,0.02
Glu639Asp,-0.11,-0.1,0,-0.31,0.42,0,0,3,0.64,0.02
Glu761Asp,-0.11,-0.1,0,-0.31,0.42,0,0,3,0.64,0.02
Glu978Asp,-0.11,-0.1,0,-0.31,0.42,0,0,1,0.64,0.02
Glu789Val,-0.23,-0.2,-0.96,0.09,0.46,0,3,3,0.64,0.03
Ala584Gly,-0.11,-0.1,0,0,-0.04,3,3,4,0.21,0.04
Val695Gly,-0.33,-0.3,0,0,-0.15,3,3,2,0.5,0.05
Asp265Gly,-0.45,-0.4,-0.96,0.4,-0.11,0,3,1,0.44,0.06
Thr350Ile,0.09,0.1,-0.03,0.05,0.37,1,3,2,0.4,0.06
Thr361Ile,0.09,0.1,-0.03,0.05,0.37,1,3,3,0.4,0.06
Thr400Ile,0.09,0.1,-0.03,0.05,0.37,1,3,4,0.4,0.06
Gln432Pro,-0.24,-0.2,-0.04,0.08,0.25,1,3,2,0.66,0.06
Asp435Gly,-0.45,-0.4,-0.96,0.4,-0.11,0,3,3,0.44,0.06
Asp634Gly,-0.45,-0.4,-0.96,0.4,-0.11,0,3,3,0.44,0.06
Asp1006Gly,-0.45,-0.4,-0.96,0.4,-0.11,0,3,2,0.44,0.06
Thr427Pro,-0.03,0,0,0.08,0.05,1,3,4,0.4,0.07
Thr508Pro,-0.03,0,0,0.08,0.05,1,3,2,0.4,0.07
Glu82Gly,-0.56,-0.5,-0.96,0.09,0.31,0,3,1,0.64,0.08
Thr399Ala,-0.23,-0.2,-0.03,0.04,0.18,1,3,4,0.4,0.08
Glu460Gly,-0.56,-0.5,-0.96,0.09,0.31,0,3,4,0.64,0.08
Thr508Ala,-0.23,-0.2,-0.03,0.04,0.18,1,3,2,0.4,0.08
Asn658Asp,0.01,0,0.89,-0.33,0.43,1,0,4,0.45,0.08
Glu812Gly,-0.56,-0.5,-0.96,0.09,0.31,0,3,1,0.64,0.08
Thr913Ala,-0.23,-0.2,-0.03,0.04,0.18,1,3,4,0.4,0.08
Arg39Ser,-0.54,-0.5,-0.97,-0.64,0.6,0,1,3,1,0.11
Ser388Leu,0.2,0.2,-0.03,0.04,0.32,1,3,1,0.26,0.11
Ser450Leu,0.2,0.2,-0.03,0.04,0.32,1,3,2,0.26,0.11
His445Tyr,0.2,0.2,-0.96,-0.24,0.17,2,2,1,0.69,0.12
Ser450Pro,0.08,0.1,0,0.08,0.08,1,3,2,0.26,0.12
His674Tyr,0.2,0.2,-0.96,-0.24,0.17,2,2,4,0.69,0.12
His723Tyr,0.2,0.2,-0.96,-0.24,0.17,2,2,4,0.69,0.12
His745Tyr,0.2,0.2,-0.96,-0.24,0.17,2,2,2,0.69,0.12
Ser34Ala,-0.12,-0.1,-0.03,0.04,0.21,1,3,3,0.26,0.13
Ser1124Ala,-0.12,-0.1,-0.03,0.04,0.21,1,3,1,0.26,0.13
Ser431Gly,-0.23,-0.2,-0.03,0.04,0.17,1,3,2,0.26,0.17
Val496Met,0.24,0.1,0.03,-0.03,-0.11,3,3,4,0.5,0.2
Val513Met,0.24,0.1,0.03,-0.03,-0.11,3,3,2,0.5,0.2
Val970Met,0.24,0.1,0.03,-0.03,-0.11,3,3,4,0.5,0.2
Cys681Trp,0.64,0.8,0.01,0.1,0.13,3,2,2,0.41,0.25
Thr508His,0.28,0.3,0.96,0.24,-0.09,1,2,2,0.4,0.28
Asp435Tyr,0.37,0.4,-0.93,0.36,-0.17,0,2,3,0.44,0.34
Arg662His,-0.15,-0.1,-0.01,-0.4,0.54,0,2,2,1,0.44
Arg827Cys,-0.41,-0.5,-0.97,-0.71,0.72,0,3,2,1,0.62
Ser450Trp,0.77,0.8,0.01,0.03,0.25,1,2,2,0.26,0.76
Val146Phe,0.37,0.4,0.01,-0.06,0.03,3,2,2,0.5,0.77
Val170Phe,0.37,0.4,0.01,-0.06,0.03,3,2,3,0.5,0.77
Leu42Phe,0.27,0.3,0.01,-0.06,0.03,3,2,3,0.69,0.78
